{
  "country": "de",
  "forms": [
    {
      "name": "gesellschaft buergerlichen rechts",
      "spellings": [
        "gbr"
      ]
    },
    {
      "name": "kommanditgesellschaft",
      "spellings": [
        "kg", "& co kg", "& compagnie kg", "gmbh & co.kg"
      ]
    },
    {
      "name": "gesellschaft mit beschränkter haftung",
      "spellings": [
        "gmbh", "mbh"
      ]
    },
    {
      "name": "kommanditgesellschaft auf aktien",
      "spellings": [
        "kgaa", "& Compagnie kgaa", "& co kgaa"
      ]
    },
    {
      "name": "aktiengesellschaft",
      "spellings": [
        "ag", "aktiengesellschaft"
      ]      
    }
  ]
}
