{
  "country": "UK",
  "forms": [
    {
      "name": "community interest company",
      "spellings": [
        "cic"
      ]
    }, {
      "name": "charitable incorporated organisation",
      "spellings": [
        "cio",
        "scio"
      ]
    }, {
      "name": "industrial and provident society",
      "spellings": [
        "ips",
        "coop",
        "cooperative"
      ]
    }, {
      "name": "general partnership",
      "spellings": [
        "gp"
      ]
    }, {
      "name": "limited liability partnership",
      "spellings": [
        "llp"
      ]
    }, {
      "name": "scottish limited partnership",
      "spellings": [
        "slp"
      ]
    }, {
      "name": "limited partnership",
      "spellings": [
        "lp",
        "limited partnership"
      ]
    }, {
      "name": "private limited company",
      "spellings": [
        "ltd",
        "limited",
        "cyfyngedig",
        "cyf"
      ]
    }, {
      "name": "public limited company",
      "spellings": [
        "plc",
        "ccc",
        "cwmni cyfyngedig cyhoeddus"
      ]
    }, {
      "name": "unlimited company",
      "spellings": [
        "uc",
        "anghyfyngedig"        
      ]
    }
  ]
}
