{
  "country": "US",
  "forms": [
    {
      "name": "corporation",
      "spellings": [
        "corporation", "corp", "and co", "& co", "inc", "incorporated", 
        "and company", "company", "co", "spa", "societa per azioni",
        "and co ltd", "and co limited",
        "& co ltd", "& co limited",
        "and company ltd", "and company limited",
        "& company ltd", "& company limited"
      ]
    },
    {
      "name": "limited liability company",
      "spellings": [
        "lc", "llc"
      ]
    },
    {
      "name": "special purpose company",
      "spellings": [
        "spc"
      ]
    }
  ]
}
