[
  {
    "id": 0,
    "accountName": "VF NORTHERN EUROPE LIMITED",
    "tradingName": "VANS"
  },
  {
    "id": 1,
    "accountName": "VF NORTHERN EUROPE LIMITED",
    "tradingName": "VANS EUROPE LIMITED"
  },
  {
    "id": 3,
    "accountName": "VF NORTHERN EUROPE LIMITED",
    "tradingName": "TIMBERLAND"
  },
  {
    "id": 2,
    "accountName": "VF NORTHERN EUROPE LIMITED",
    "tradingName": "THE NORTH FACE"
  },
  {
    "id": 4,
    "accountName": "VF NORTHERN EUROPE LIMITED",
    "tradingName": "DICKIES"
  },
  {
    "id": 5,
    "accountName": "VF NORTHERN EUROPE LIMITED",
    "tradingName": "ALTRA"
  },
  {
    "id": 6,
    "accountName": "VF NORTHERN EUROPE LIMITED",
    "tradingName": "EASTPAK"
  },
  {
    "id": 7,
    "accountName": "OFFICE DEPOT INTERNATIONAL (UK)",
    "tradingName": "VIKING"
  },
  {
    "id": 8,
    "accountName": "OFFICE DEPOT INTERNATIONAL (UK) LIMITED",
    "tradingName": "VIKING"
  },
  {
    "id": 9,
    "accountName": "BMW FINANCIAL SERVICES (GB) LIMITED",
    "tradingName": "ALPHERA FINANCIAL SERVICES"
  },
  {
    "id": 10,
    "accountName": "SPORT FASHION DISTRIBUTION U.K. LTD",
    "tradingName": "KAPPA"
  },
  {
    "id": 11,
    "accountName": "SPORT FASHION DISTRIBUTION U.K. LTD",
    "tradingName": "KAPPA FRANCE SAS"
  },
  {
    "id": 12,
    "accountName": "BMW FINANCIAL SERVICES (GB) LIMITED",
    "tradingName": "ALPHERA FINANCIAL SERVICES LTD"
  },
  {
    "id": 13,
    "accountName": "LOGISNEXT UK LIMITED",
    "tradingName": "UNICARRIERS UK LTD"
  },
  {
    "id": 13,
    "accountName": "IKANO BANK AB (PUBL)",
    "tradingName": "IKEA FINANCIAL SERVICES"
  },
  {
    "id": 14,
    "accountName": "INFORMA UK LIMITED",
    "tradingName": "TAYLOR FRANCIS"
  }
]