<?xml version="1.0" encoding="UTF-8"?>
<!DOCTYPE configuration>

<configuration scan="true">
	<appender name="STDOUT" class="ch.qos.logback.core.ConsoleAppender">
		<encoder>
			<pattern>%d [%thread] %-5level  %logger{35} - %msg%n</pattern>
		</encoder>
	</appender>

	<include resource="org/springframework/boot/logging/logback/base.xml" />
	<logger name="org.mockserver" level="INFO" />
	<!-- jhipster-needle-logback-add-log - JHipster will add a new log with
        level -->
		<logger name="org.springframework.beans" level="INFO"/>
		<logger name="org.testcontainers" level="INFO"/>
		<logger name="com.github.dockerjava" level="WARN"/>

	<!-- log all the  the process of name verification with response data and request data-->
	<logger name="fr.sis.sisid.copuk.aspect" level="INFO"/>

	<logger name="reactor.Mono" level="INFO"/>
	<logger name=" logging.level.reactor.netty.http.client" level="INFO"/>
	<logger name="fr.sis.sisid.copuk" level="INFO"/>

	<!-- log the rule whom is match-->
	<logger name="fr.sis.sisid.copuk.cop.core.NameVerificationServiceImpl" level="INFO"/>

	<!-- log the correlation id -->
	<logger name="fr.sis.sisid.copuk.filter.CorrelationHeaderFilter" level="INFO"/>

	<!-- log the interceptor of security -->
	<logger name="fr.sis.sisid.copuk.config.SecurityConfig" level="INFO" />

	<!-- log the accessibility of api BNPP -->
	<logger name="fr.sis.sisid.copuk.config.WebClientConfig" level="INFO"/>


	<!-- log the errors to parse the certificats -->
	<logger name="fr.sis.sisid.copuk.config.EncodeConfig" level="ERROR"/>

	<shutdownHook
			class="ch.qos.logback.core.hook.DelayingShutdownHook" />

	<contextListener
			class="ch.qos.logback.classic.jul.LevelChangePropagator">
		<resetJUL>true</resetJUL>
	</contextListener>
</configuration>
