"name_received","ref_name","category","expected_notes","expected_response"
"17 HIGHGATE HILL LIMITED","17 HIGHGATE HILL LIMITED","Perfect match","match","MATCH"
"251 SOUTHWARK LIMITED","251 SOUTHWARK LIMITED","Perfect match","match","MATCH"
"4 HEALTHY PETS NV","4 HEALTHY PETS","Business legal description not included","match","MATCH"
"PEGLER YORKSHIRE G","AALBERTS INTEGRATE","no match?","no match","NO_MATCH"
"AALBERTS SURFACE TECH","AALBERTS SURFACE TECHNOLOGIES","Perfect match","match","MATCH"
"AALBERTS SURFACE TECHNOLOGIES","AALBERTS SURFACE TECHNOLOGIES","Perfect match","match","MATCH"
"HAUCK HEAT TREATME","AALBERTS SURFACE TECHNOLOGIES","no match?","no match","NO_MATCH"
"AGS 360 SOLUTIONS","AGS LIMITED","close match","did you mean ""XYZ""?","CLOSE_MATCH"
"ALCON","ALCON EYE CARE UK LIMITED","close match","did you mean ""XYZ""?","CLOSE_MATCH"
"ALCON","ALCON EYE CARE UK ","close match","did you mean ""XYZ""?","CLOSE_MATCH"
"ALCON EYE CARE","ALCON EYE CARE UK LIMITED","close match","did you mean ""XYZ""?","CLOSE_MATCH"
"ALCON EYE CARE LTD","ALCON EYE CARE UK ","Limited vs LTD","match","MATCH"
"ALCON EYE CARE UK","ALCON EYE CARE UK ","virtual match!","match","MATCH"
"ALCON EYE CARE UK","ALCON EYE CARE UK LIMITED","virtual match!","match","MATCH"
"ALCON EYECARE","ALCON EYE CARE UK ","close match","did you mean ""XYZ""?","CLOSE_MATCH"
"ALESSI UK LTD","ALESSI (UK) LIMITED","Limited vs LTD","match","MATCH"
"ALL MARKET EUROPE","ALL MARKET EUROPE ","virtual match!","match","MATCH"
"ALL MARKET EUROPE","ALL MARKET EUROPE LIMITED","Business legal description not included","match","MATCH"
"ALOIS POTTINGER UK","ALOIS POTTINGER UK","Perfect match","match","MATCH"
"ALPHABET","ALPHABET (GB) LIMITED","close match","did you mean ""XYZ""?","CLOSE_MATCH"
"ALPHABET GB LIMITED","ALPHABET (GB) LIMITED","virtual match!","match","MATCH"
"BMW","ALPHABET (GB) LIMITED","TBD","TBD","NO_MATCH"
"BNP PARIBAS","ALPHABET (GB) LIMITED","BNP London as beneficiary (CM client)","no match","NO_MATCH"
"BNP PARIBAS","ARGON MEDICAL DEVICES UK LTD","BNP London as beneficiary (CM client)","no match","NO_MATCH"
"LANDLORD 113MERC","ARMSTRONG HOUSE UX","TBD","TBD","NO_MATCH"
"AB3105 KS69YCC","ARVAL UK LIMITED","no match?","no match","NO_MATCH"
"ARVAL BNP","ARVAL UK LIMITED","close match","did you mean ""XYZ""?","CLOSE_MATCH"
"ARVAL BNP PARIBAS","ARVAL UK LIMITED","close match","did you mean ""XYZ""?","CLOSE_MATCH"
"ARVAL GROUP","ARVAL UK LIMITED","close match","did you mean ""XYZ""?","CLOSE_MATCH"
"ARVAL LTD UK","ARVAL UK LIMITED","Limited vs LTD","match","MATCH"
"ARVAL UK","ARVAL UK LIMITED","Business legal description not included","match","MATCH"
"ARVAL UK LIMITED","ARVAL UK LIMITED","Perfect match","match","MATCH"
"ARVAL UK LTD","ARVAL UK LIMITED","Limited vs LTD","match","MATCH"
"ARVAL UK RECEIPT","ARVAL UK LIMITED","close match","did you mean ""XYZ""?","CLOSE_MATCH"
"ARVAL UK RECIEPTS","ARVAL UK LIMITED","close match","did you mean ""XYZ""?","CLOSE_MATCH"
"ARVAL-U.K.-LIMITED","ARVAL UK LIMITED","virtual match!","match","MATCH"
"AVAL UK LTD","ARVAL UK LIMITED","Limited vs LTD","match","MATCH"
"BNP LONDON BRANCH","ARVAL UK LIMITED","BNP London as beneficiary (BNPP Internal entities)","match","MATCH"
"BNP PARIBAS","ARVAL UK LIMITED","BNP London as beneficiary (BNPP Internal entities)","match","MATCH"
"BNP PARIBAS LONDON","ARVAL UK LIMITED","BNP London as beneficiary (BNPP Internal entities)","match","MATCH"
"C07520","ARVAL UK LIMITED","no match?","no match","NO_MATCH"
"HONDA CONTRACT HIR","ARVAL UK LIMITED","TBD","TBD","NO_MATCH"
"SM68VWV","ARVAL UK LIMITED","no match?","no match","NO_MATCH"
"ATRADIUS","ATRADIUS COLLECTIONS LIMITED","close match","did you mean ""XYZ""?","CLOSE_MATCH"
"ATRADIUS COLLECTIONS LIMITED","ATRADIUS COLLECTIONS LIMITED","Perfect match","match","MATCH"
"AUDLEY PROPERTY","AUDLEY PROPERTY MANAGEMENT COMPANY","virtual match!","match","MATCH"
"AUTOMAC","AUTOMAC (UK) LIMITED","close match","did you mean ""XYZ""?","CLOSE_MATCH"
"AVIKO","AVIKO B.V.","Business legal description not included","match","MATCH"
"AVIKO B.V","AVIKO B.V.","virtual match!","match","MATCH"
"AVIKO BV","AVIKO B.V.","virtual match!","match","MATCH"
"AVIKO UK","AVIKO B.V.","Business legal description not included","match","MATCH"
"AVIKOBV","AVIKO B.V.","virtual match!","match","MATCH"
"AVNET EMG LTD","AVNET EMG LTD.","virtual match!","match","MATCH"
"AXA REAL ESTATE INVESTMENT MANAGERS","AXA REAL ESTATE INVESTMENT MANAGERS","Perfect match","match","MATCH"
"AXA","AXA TRAVEL INSURANCE LIMITED","TBD","TBD","NO_MATCH"
"AXIA PLASTICS UK LIMITED","AXIA PLASTICS (UK) LIMITED","virtual match!","match","MATCH"
"BTC","BASF PUBLIC LIMITED COMPANY","TBD","TBD","NO_MATCH"
"BTC CHEMICAL D","BASF PUBLIC LIMITED COMPANY","no match?","no match","NO_MATCH"
"BD DISPENSING","BECTON DICKINSON DISPENSING UK LTD","acronym to be accepted","match","MATCH"
"BDDISPENSINGUKLTD","BECTON DICKINSON DISPENSING UK LTD","TBD","TBD","NO_MATCH"
"BECTON DICKINSON UK","BECTON DICKINSON DISPENSING UK LTD","Perfect match","match","MATCH"
"BECTON, DICKINSON","BECTON DICKINSON U.K. LIMITED","close match","did you mean ""XYZ""?","CLOSE_MATCH"
"BEISSIER","BEISSIER","Perfect match","match","MATCH"
"BELFORT UK LIMITED","BELFOR UK LIMITED","virtual match!","match","MATCH"
"BENLOWE GROUP LIMI","BENLOWE GROUP LIMI","Perfect match","match","MATCH"
"BEPCO","BEPCO UK LIMITED","close match","did you mean ""XYZ""?","CLOSE_MATCH"
"BEPCO UK LIMITED","BEPCO UK LIMITED","Perfect match","match","MATCH"
"BEPCO UK LTD","BEPCO UK LIMITED","Limited vs LTD","match","MATCH"
"BFT GATE SYSTEMS","BFT AUTOMATION (SOUTH) LIMITED","TBD","TBD","NO_MATCH"
"BFT LTD","BFT AUTOMATION (SOUTH) LIMITED","TBD","TBD","NO_MATCH"
"GATES SYSTEMS LTD","BFT AUTOMATION (SOUTH) LIMITED","TBD","TBD","NO_MATCH"
"BFT","BFT AUTOMATION UK ","close match","did you mean ""XYZ""?","CLOSE_MATCH"
"BFT AUTOMATION","BFT AUTOMATION UK ","close match","did you mean ""XYZ""?","CLOSE_MATCH"
"BFT AUTOMATION UK","BFT AUTOMATION UK ","virtual match!","match","MATCH"
"BIOMET","BIOMET 3I UK LIMITED","close match","did you mean ""XYZ""?","CLOSE_MATCH"
"BNP PARIBAS","BIOMET 3I UK LIMITED","BNP London as beneficiary (CM client)","no match","NO_MATCH"
"ZIMMER BIOMET","BIOMET 3I UK LIMITED","TBD","TBD","NO_MATCH"
"ZIMMER BIOMET","BIOMET 3I UK LIMITED","TBD","TBD","NO_MATCH"
"BLANCHON UK","BLANCHON UK LIMITED","Business legal description not included","match","MATCH"
"BLANCHON UK LIMITED","BLANCHON UK LIMITED","Perfect match","match","MATCH"
"BLANCHON UK LTD","BLANCHON UK LIMITED","Limited vs LTD","match","MATCH"
"ALPHA FINANCE","BMW FINANCIAL SERVICES","TBD","TBD","NO_MATCH"
"ALPHERA FINANCIAL","BMW FINANCIAL SERVICES (GB) LIMITED","TBD","TBD","NO_MATCH"
"ALPHERA FINANCIAL","BMW FINANCIAL SERVICES","TBD","TBD","NO_MATCH"
"BMW","BMW FINANCIAL SERVICES (GB) LIMITED","close match","did you mean ""XYZ""?","CLOSE_MATCH"
"BMW FINACIAL","BMW FINANCIAL SERVICES (GB) LIMITED","TBD","TBD","NO_MATCH"
"BMW FINANCIAL SERVICES","BMW FINANCIAL SERVICES (GB) LIMITED","virtual match!","match","MATCH"
"BMW FINANCIAL SERVICES","BMW FINANCIAL SERVICES","Perfect match","match","MATCH"
"BMW FINANCIAL SERVICES (GB) LIMITED","BMW FINANCIAL SERVICES (GB) LIMITED","Perfect match","match","MATCH"
"BNP PARIBAS","BMW FINANCIAL SERVICES (GB) LIMITED","BNP London as beneficiary (CM client)","no match","NO_MATCH"
"MINI","BMW FINANCIAL SERVICES (GB) LIMITED","TBD","TBD","NO_MATCH"
"APS LTD","BNP PARIBAS COMMERCIAL FINANCE","Internal entities RE (BNPP Comm Fin, Factor..)","contact RM","NO_MATCH"
"BNP PARIBAS","BNP PARIBAS COMMERCIAL FINANCE","BNP London as beneficiary (BNPP Internal entities)","match","MATCH"
"CLARITY TRAVEL MAN","BNP PARIBAS COMMERCIAL FINANCE","Internal entities (BNPP Comm Fin, Factor..)","match (Secondary Referential Data)","NO_MATCH"
"GENIUS FOODS LTD","BNP PARIBAS COMMERCIAL FINANCE","Internal entities (BNPP Comm Fin, Factor..)","match (Secondary Referential Data)","NO_MATCH"
"RELYON NUTEC UK","BNP PARIBAS COMMERCIAL FINANCE","Internal entities (BNPP Comm Fin, Factor..)","match (Secondary Referential Data)","NO_MATCH"
"RICO LOGISTICS LTD","BNP PARIBAS COMMERCIAL FINANCE","Internal entities (BNPP Comm Fin, Factor..)","match (Secondary Referential Data)","NO_MATCH"
"0FFICE DEPOT","BNP PARIBAS COMMERCIAL FINANCE LTD","Internal entities (BNPP Comm Fin, Factor..)","match (Secondary Referential Data)","NO_MATCH"
"AAVIKING DIRECT","BNP PARIBAS COMMERCIAL FINANCE LTD","Internal entities RE (BNPP Comm Fin, Factor..)","contact RM","NO_MATCH"
"AM FRESH UK","BNP PARIBAS COMMERCIAL FINANCE LTD","Internal entities (BNPP Comm Fin, Factor..)","match (Secondary Referential Data)","NO_MATCH"
"APS GROUP LTD","BNP PARIBAS COMMERCIAL FINANCE LTD","Internal entities (BNPP Comm Fin, Factor..)","match (Secondary Referential Data)","NO_MATCH"
"BNP PARIBAS","BNP PARIBAS COMMERCIAL FINANCE LTD","BNP London as beneficiary (BNPP Internal entities)","match","MATCH"
"BNP PARIBAS COMMERCIAL FINANCE LTD","BNP PARIBAS COMMERCIAL FINANCE LTD","Perfect match","match","MATCH"
"ENERVEO LIMITED","BNP PARIBAS COMMERCIAL FINANCE LTD","Internal entities (BNPP Comm Fin, Factor..)","match (Secondary Referential Data)","NO_MATCH"
"ENERVEO LTD","BNP PARIBAS COMMERCIAL FINANCE LTD","Internal entities (BNPP Comm Fin, Factor..)","match (Secondary Referential Data)","NO_MATCH"
"EOC UK","BNP PARIBAS COMMERCIAL FINANCE LTD","Internal entities (BNPP Comm Fin, Factor..)","match (Secondary Referential Data)","NO_MATCH"
"GALERIE LTD","BNP PARIBAS COMMERCIAL FINANCE LTD","Internal entities (BNPP Comm Fin, Factor..)","match (Secondary Referential Data)","NO_MATCH"
"GALERIE LTD","BNP PARIBAS COMMERCIAL FINANCE LTD","Internal entities (BNPP Comm Fin, Factor..)","match (Secondary Referential Data)","NO_MATCH"
"GMK","BNP PARIBAS COMMERCIAL FINANCE LTD","Internal entities (BNPP Comm Fin, Factor..)","match (Secondary Referential Data)","NO_MATCH"
"GMK LTD","BNP PARIBAS COMMERCIAL FINANCE LTD","Internal entities (BNPP Comm Fin, Factor..)","match (Secondary Referential Data)","NO_MATCH"
"OFFICE DEPOT","BNP PARIBAS COMMERCIAL FINANCE LTD","Internal entities (BNPP Comm Fin, Factor..)","match (Secondary Referential Data)","NO_MATCH"
"OFFICE DEPOT INTERNATIONAL","BNP PARIBAS COMMERCIAL FINANCE LTD","Internal entities (BNPP Comm Fin, Factor..)","match (Secondary Referential Data)","NO_MATCH"
"OFFICE INTERNATIONAL","BNP PARIBAS COMMERCIAL FINANCE LTD","Internal entities (BNPP Comm Fin, Factor..)","match (Secondary Referential Data)","NO_MATCH"
"SSE CONTRACTING LT","BNP PARIBAS COMMERCIAL FINANCE LTD","Internal entities RE (BNPP Comm Fin, Factor..)","contact RM","NO_MATCH"
"VICKING","BNP PARIBAS COMMERCIAL FINANCE LTD","Internal entities RE (BNPP Comm Fin, Factor..)","contact RM","NO_MATCH"
"VIKING","BNP PARIBAS COMMERCIAL FINANCE LTD","Internal entities RE (BNPP Comm Fin, Factor..)","contact RM","NO_MATCH"
"VIKING","BNP PARIBAS COMMERCIAL FINANCE","Internal entities RE (BNPP Comm Fin, Factor..)","contact RM","NO_MATCH"
"VIKING","BNP PARIBAS COMMERCIAL FINANCE LTD","Internal entities RE (BNPP Comm Fin, Factor..)","contact RM","NO_MATCH"
"VIKING 2018","BNP PARIBAS COMMERCIAL FINANCE LTD","Internal entities RE (BNPP Comm Fin, Factor..)","contact RM","NO_MATCH"
"VIKING 2019","BNP PARIBAS COMMERCIAL FINANCE LTD","Internal entities RE (BNPP Comm Fin, Factor..)","contact RM","NO_MATCH"
"VIKING DIRECT","BNP PARIBAS COMMERCIAL FINANCE","Internal entities RE (BNPP Comm Fin, Factor..)","contact RM","NO_MATCH"
"VIKING DIRECT","BNP PARIBAS COMMERCIAL FINANCE LTD","Internal entities RE (BNPP Comm Fin, Factor..)","contact RM","NO_MATCH"
"VIKING DIRECT LTD","BNP PARIBAS COMMERCIAL FINANCE","Internal entities RE (BNPP Comm Fin, Factor..)","contact RM","NO_MATCH"
"VIKING DIRECT LTD","BNP PARIBAS COMMERCIAL FINANCE LTD","Internal entities RE (BNPP Comm Fin, Factor..)","contact RM","NO_MATCH"
"VIKING NEW ACCOUNT","BNP PARIBAS COMMERCIAL FINANCE LTD","Internal entities RE (BNPP Comm Fin, Factor..)","contact RM","NO_MATCH"
"VIKING OFFICE DEP","BNP PARIBAS COMMERCIAL FINANCE LTD","Internal entities RE (BNPP Comm Fin, Factor..)","contact RM","NO_MATCH"
"VIKING PAYMENTS","BNP PARIBAS COMMERCIAL FINANCE LTD","Internal entities RE (BNPP Comm Fin, Factor..)","contact RM","NO_MATCH"
"VIKING PAYMENTS","BNP PARIBAS COMMERCIAL FINANCE","Internal entities RE (BNPP Comm Fin, Factor..)","contact RM","NO_MATCH"
"VIKING STATIONERY","BNP PARIBAS COMMERCIAL FINANCE LTD","Internal entities RE (BNPP Comm Fin, Factor..)","contact RM","NO_MATCH"
"VIKING-OFF DEPOT","BNP PARIBAS COMMERCIAL FINANCE LTD","Internal entities RE (BNPP Comm Fin, Factor..)","contact RM","NO_MATCH"
"VIKINGS","BNP PARIBAS COMMERCIAL FINANCE LTD","Internal entities RE (BNPP Comm Fin, Factor..)","contact RM","NO_MATCH"
"VIRKING","BNP PARIBAS COMMERCIAL FINANCE LTD","Internal entities RE (BNPP Comm Fin, Factor..)","contact RM","NO_MATCH"
"KADINE UK","BNP PARIBAS FORTIS","Internal entities (BNPP Comm Fin, Factor..)","match (Secondary Referential Data)","NO_MATCH"
"FRESH FOOD IMPEX","BNP PARIBAS FORTIS","Internal entities (BNPP Comm Fin, Factor..)","match (Secondary Referential Data)","NO_MATCH"
"FRESH FOODS NV","BNP PARIBAS FORTIS FACTOR NV","Internal entities (BNPP Comm Fin, Factor..)","match (Secondary Referential Data)","NO_MATCH"
"FRESHFOODIMPEXLTD","BNP PARIBAS FORTIS","Internal entities (BNPP Comm Fin, Factor..)","match (Secondary Referential Data)","NO_MATCH"
"WALSTEAD PETERBORO","BNP PARIBAS FORTIS","Internal entities (BNPP Comm Fin, Factor..)","match (Secondary Referential Data)","NO_MATCH"
"WALSTEAD ROCHE LIM","BNP PARIBAS FORTIS","Internal entities (BNPP Comm Fin, Factor..)","match (Secondary Referential Data)","NO_MATCH"
"SMART TUFT","BNP PARIBAS FORTIS FACTOR RE","Internal entities (BNPP Comm Fin, Factor..)","match (Secondary Referential Data)","NO_MATCH"
"SMART TUFT","BNP PARIBAS FORTIS","Internal entities (BNPP Comm Fin, Factor..)","match (Secondary Referential Data)","NO_MATCH"
"BNP","BNP PARIBAS LEASING SOLUTIONS","BNP London as beneficiary (BNPP Internal entities)","match","MATCH"
"BNP PARIBAS","BNP PARIBAS LEASING SOLUTIONS","BNP London as beneficiary (BNPP Internal entities)","match","MATCH"
"BNP PARIBAS","BNP PARIBAS LEASING","BNP London as beneficiary (BNPP Internal entities)","match","MATCH"
"BNP PARIBAS LEASE","BNP PARIBAS LEASING","virtual match!","match","MATCH"
"BNP PARIBAS LEASIN","BNP PARIBAS LEASING SOLUTIONS","Perfect match","match","MATCH"
"BNP PARIBAS LEASING","BNP PARIBAS LEASING","Perfect match","match","MATCH"
"BNP PARIBAS LEASING","BNP PARIBAS LEASING SOLUTIONS","virtual match!","match","MATCH"
"FINANCE","BNP PARIBAS LEASING SOLUTIONS","no match?","no match","NO_MATCH"
"VAN FINANCE","BNP PARIBAS LEASING","TBD","TBD","NO_MATCH"
"BNP PARIBAS","BNP PARIBAS RENTAL","BNP London as beneficiary (BNPP Internal entities)","match","MATCH"
"BNP PARIBAS RENTAL","BNP PARIBAS RENTAL","Perfect match","match","MATCH"
"BEAVER MANAGEMENT","BNPPCF RE BEAVER MGMT SERVICES LTD","Internal entities (BNPP Comm Fin, Factor..)","match (Secondary Referential Data)","NO_MATCH"
"1-KDM INTERNAT","BNPPCF RE KDM INTERNATIONAL LTD","Internal entities (BNPP Comm Fin, Factor..)","match (Secondary Referential Data)","NO_MATCH"
"KDM","BNPPCF RE KDM INTERNATIONAL LTD","Internal entities RE (BNPP Comm Fin, Factor..)","contact RM","NO_MATCH"
"KDM INTERNATIONAL","BNPPCF RE KDM INTERNATIONAL LTD","Internal entities (BNPP Comm Fin, Factor..)","match (Secondary Referential Data)","NO_MATCH"
"KDM TIMBER","BNPPCF RE KDM INTERNATIONAL LTD","Internal entities RE (BNPP Comm Fin, Factor..)","contact RM","NO_MATCH"
"KDM.TBR.&FOR.PROD.","BNPPCF RE KDM INTERNATIONAL LTD","Internal entities RE (BNPP Comm Fin, Factor..)","contact RM","NO_MATCH"
"AZELIS UK","BNPPCF RE: AZELIS ","TBD","TBD","NO_MATCH"
"AZELIS UK LIMITED","BNPPCF RE: AZELIS ","close match","did you mean ""XYZ""?","CLOSE_MATCH"
"AZELIS UK LTD","BNPPCF RE: AZELIS UK LIMITED","Limited vs LTD","match","MATCH"
"BNP PARIBAS CF GBP","BNPPCF RE: AZELIS ","TBD","TBD","NO_MATCH"
"BNP PARIBAS FORTIS","BNPPFF/SOLUTIONS 3","Internal entities RE (BNPP Comm Fin, Factor..)","contact RM","NO_MATCH"
"LAMETT","BNPPFF/SOLUTIONS 3","Internal entities RE (BNPP Comm Fin, Factor..)","contact RM","NO_MATCH"
"LAMETT EUROPE NV","BNPPFF/SOLUTIONS 3","Internal entities RE (BNPP Comm Fin, Factor..)","contact RM","NO_MATCH"
"BOFFI UK","BOFFI UK LIMITED","Business legal description not included","match","MATCH"
"BRENT HOLDINGS LIMITED","BRENT HOLDINGS LIMITED","Perfect match","match","MATCH"
"BRENT HOLDINGS LTD","BRENT HOLDINGS LIMITED","Limited vs LTD","match","MATCH"
"BRIDOR","BRIDOR UK LIMITED","close match","did you mean ""XYZ""?","CLOSE_MATCH"
"BRIXTON BREWERY","BRIXTON BREWERY LIMITED","Business legal description not included","match","MATCH"
"BRIXTON BREWERY LTD","BRIXTON BREWERY LIMITED","Limited vs LTD","match","MATCH"
"BROWNING INT","BROWNING INTERNATIONAL SA","virtual match!","match","MATCH"
"BROWNING INT SA","BROWNING INTERNATIONAL SA","virtual match!","match","MATCH"
"BROWNING INTERNATIONAL SA","BROWNING INTERNATIONAL SA","Perfect match","match","MATCH"
"BROWNING INTL","BROWNING INTERNATIONAL SA","virtual match!","match","MATCH"
"BYSTRONIC UK LIMIT","BYSTRONIC UK LIMITED","Perfect match","match","MATCH"
"BYSTRONIC UK LTD","BYSTRONIC UK LIMITED","Limited vs LTD","match","MATCH"
"SOLIDEAL","CAMSO UK LIMITED","TBD","TBD","NO_MATCH"
"CAREL UK LTD","CAREL UK LTD","Perfect match","match","MATCH"
"CAUDALIE","CAUDALIE","Perfect match","match","MATCH"
"CAUDALIE UK LIMITED","CAUDALIE","close match","did you mean ""XYZ""?","CLOSE_MATCH"
"BNP PARIBAS","CERATIZIT UK & IRELAND LIMITED","BNP London as beneficiary (CM client)","no match","NO_MATCH"
"CERATIZIT","CERATIZIT UK & IRELAND LIMITED","close match","did you mean ""XYZ""?","CLOSE_MATCH"
"CERATIZIT UK & IRELAND LIMITED","CERATIZIT UK & IRELAND LIMITED","Perfect match","match","MATCH"
"CERATIZIT UK IRELAND","CERATIZIT UK & IRELAND LIMITED","virtual match!","match","MATCH"
"WNT","CERATIZIT UK & IRELAND LIMITED","TBD","TBD","NO_MATCH"
"WNT (UK) LTD","CERATIZIT UK & IRELAND LIMITED","Limited vs LTD","match","MATCH"
"WNT LTD","CERATIZIT UK & IRELAND LIMITED","Limited vs LTD","match","MATCH"
"WNT NEW","CERATIZIT UK & IRELAND LIMITED","TBD","TBD","NO_MATCH"
"CEVA","CEVA RECEIVABLES FINANCE DESIGNATED","TBD","TBD","NO_MATCH"
"CEVA 2","CEVA RECEIVABLES FINANCE DESIGNATED","TBD","TBD","NO_MATCH"
"CEVA FREIGHT UK LT","CEVA RECEIVABLES FINANCE DESIGNATED","TBD","TBD","NO_MATCH"
"CEVA TESCO - NEW","CEVA RECEIVABLES FINANCE DESIGNATED","TBD","TBD","NO_MATCH"
"CHEMETALL","CHEMETALL LIMITED","Business legal description not included","match","MATCH"
"CHEMETALL LTD","CHEMETALL LIMITED","Limited vs LTD","match","MATCH"
"CLAAS FINANCIAL SERVICES LIMITED","CLAAS FINANCIAL SERVICES LIMITED","Perfect match","match","MATCH"
"CMA CGM","CMA CGM & ANL SECURITIES","TBD","TBD","NO_MATCH"
"CMA CGM","CMA CGM & ANL SECURITIES B.V.","TBD","TBD","NO_MATCH"
"CMA CGM   ANL","CMA CGM & ANL SECURITIES B.V.","close match","did you mean ""XYZ""?","CLOSE_MATCH"
"CMA CGM (UK) SHIP","CMA CGM & ANL SECURITIES B.V.","TBD","TBD","NO_MATCH"
"CMA CGM (UK) SHIPPING","CMA CGM & ANL SECURITIES B.V.","TBD","TBD","NO_MATCH"
"CMA CGM & ANL","CMA CGM & ANL SECURITIES B.V.","TBD","TBD","NO_MATCH"
"CMA CGM & ANL UK","CMA CGM & ANL SECURITIES B.V.","TBD","TBD","NO_MATCH"
"CMA CGM IMPORT GBP","CMA CGM & ANL SECURITIES B.V.","TBD","TBD","NO_MATCH"
"CMA CGM SHIPPING","CMA CGM & ANL SECURITIES B.V.","TBD","TBD","NO_MATCH"
"CMA CGM UK","CMA CGM & ANL SECURITIES B.V.","close match","did you mean ""XYZ""?","CLOSE_MATCH"
"CMA CGM UK","CMA CGM & ANL SECURITIES B.V.","TBD","TBD","NO_MATCH"
"CMA CGM UK LTD","CMA CGM & ANL SECURITIES B.V.","TBD","TBD","NO_MATCH"
"CMA CGM UK SHIPP","CMA CGM & ANL SECURITIES B.V.","TBD","TBD","NO_MATCH"
"CMA CGM UK SHIPP","CMA CGM & ANL SECURITIES","TBD","TBD","NO_MATCH"
"CMA CGM UK SHIPPING","CMA CGM & ANL SECURITIES","TBD","TBD","NO_MATCH"
"CMA-CGM","CMA CGM & ANL SECURITIES B.V.","TBD","TBD","NO_MATCH"
"CMA-CMA FASTER","CMA CGM & ANL SECURITIES B.V.","TBD","TBD","NO_MATCH"
"CNH INDUSTRIAL CAPITAL","CNH INDUSTRIAL CAPITAL EUROPE","virtual match!","match","MATCH"
"KATE SPADE UK LTD","COACH STORES LIMITED","Limited vs LTD","match","MATCH"
"COLIBRI SAS - MANO","COLIBRI SAS","Business legal description not included","match","MATCH"
"COLIBRI SOS MANO M","COLIBRI SAS","TBD","TBD","NO_MATCH"
"MANOMANO-CALIBRO S","COLIBRI SAS","TBD","TBD","NO_MATCH"
"COLT TECH SERVICES","COLT TECHNOLOGY SERVICES","acronym to be accepted","match","MATCH"
"COLT TECHNOLOGY","COLT TECHNOLOGY SERVICES","virtual match!","match","MATCH"
"COLT TECHNOLOGY SERVICES","COLT TECHNOLOGY SERVICES","Perfect match","match","MATCH"
"COMPAGNIE DES DESSERTS LIMITED","COMPAGNIE DES DESSERTS LIMITED","Perfect match","match","MATCH"
"CONTINENTAL LANDSCAPES LTD","CONTINENTAL LANDSCAPES LTD","Perfect match","match","MATCH"
"COTY OPERATIONS BV","COTY OPERATIONS B.V.","virtual match!","match","MATCH"
"1009486897 ANDERSO","CREATION CONSUMER ","Creation","contact RM","NO_MATCH"
"BNP","CREATION CONSUMER ","Creation","contact RM","NO_MATCH"
"BNP PARIBAS","CREATION CONSUMER ","Creation","contact RM","NO_MATCH"
"C C F","CREATION CONSUMER ","Creation","contact RM","NO_MATCH"
"COOKER","CREATION CONSUMER ","Creation","contact RM","NO_MATCH"
"CREATION","CREATION CONSUMER FINANCE LIMITED","Creation","contact RM","NO_MATCH"
"CREATION","CREATION CONSUMER ","Creation","contact RM","NO_MATCH"
"BNP PARIBAS","CREATION CONSUMER FINANCE LTD-","Creation","contact RM","NO_MATCH"
"CREATION","CREATION FINANCIAL","Creation","contact RM","NO_MATCH"
"CREATION FINANCIAL","CREATION FINANCIAL","Perfect match","match","MATCH"
"CREATION JJB","CREATION FINANCIAL","Creation","contact RM","NO_MATCH"
"CREATION M&CO","CREATION FINANCIAL","Creation","contact RM","NO_MATCH"
"CREATION.CO.UK","CREATION FINANCIAL","Creation","contact RM","NO_MATCH"
"FAITH CREATION","CREATION FINANCIAL","Creation","contact RM","NO_MATCH"
5299322300230580,"CREATION FINANCIAL","Creation","contact RM","NO_MATCH"
5299325820293770,"CREATION FINANCIAL","Creation","contact RM","NO_MATCH"
"ADAMS","CREATION FINANCIAL","Creation","contact RM","NO_MATCH"
"ASDA","CREATION FINANCIAL","Creation","contact RM","NO_MATCH"
"T MUSEMWA","CREATION FINANCIAL SERVICES LTD","Creation","contact RM","NO_MATCH"
"CWF","CWF KIDS UK LIMITED","close match","did you mean ""XYZ""?","CLOSE_MATCH"
"CWF KIDS UK LIMITED","CWF KIDS UK LIMITED","Perfect match","match","MATCH"
"DAB","DAB PUMPS LIMITED","close match","did you mean ""XYZ""?","CLOSE_MATCH"
"DAB PUMPS LTD","DAB PUMPS LIMITED","Limited vs LTD","match","MATCH"
"BNP PARIBAS","DACHSER LIMITED","BNP London as beneficiary (CM client)","no match","NO_MATCH"
"BNP PARIBAS LONDON","DACHSER LIMITED","BNP London as beneficiary (CM client)","no match","NO_MATCH"
"DACHSER","DACHSER LIMITED","Business legal description not included","match","MATCH"
"DACHSER LIMITED","DACHSER LIMITED","Perfect match","match","MATCH"
"DACHSER LTD","DACHSER LIMITED","Limited vs LTD","match","MATCH"
"DACHSER LTD 7/3","DACHSER LIMITED","Limited vs LTD","match","MATCH"
"DE GIROLAMI UK LIMITED","DE GIROLAMI UK LIMITED","Perfect match","match","MATCH"
"DEGIROLAMI UK LTD","DE GIROLAMI UK LIMITED","Limited vs LTD","match","MATCH"
"DIEHL METERING","DIEHL METERING SAS","Business legal description not included","match","MATCH"
"DONALDSON FILTRATION","DONALDSON FILTRATION (GB) LIMITED","Business legal description not included","match","MATCH"
"DUDGEON OFFSHORE WIND LIMITED","DUDGEON OFFSHORE WIND LIMITED","Perfect match","match","MATCH"
"DUYNIE","DUYNIE LIMITED","Business legal description not included","match","MATCH"
"DUYNIE FEED","DUYNIE LIMITED","Business legal description not included","match","MATCH"
"DUYNIE LIMITED","DUYNIE LIMITED","Perfect match","match","MATCH"
"DUYNIE LTD","DUYNIE LIMITED","Limited vs LTD","match","MATCH"
"MOIST FEED SUPPLIE","DUYNIE LIMITED","no match?","no match","NO_MATCH"
"EMD","E.M.D. MUSIC SA","TBD","TBD","NO_MATCH"
"EMD DISTRIBUTION","E.M.D. MUSIC SA","TBD","TBD","NO_MATCH"
"EMD MUSIC","E.M.D. MUSIC SA","Business legal description not included","match","MATCH"
"EMD SA","E.M.D. MUSIC SA","TBD","TBD","NO_MATCH"
"EASYFAIRS UK LTD","EASYFAIRS UK LIMITED","Limited vs LTD","match","MATCH"
"EBARA PUMPS","EBARA PUMPS EUROPE S.P.A.","close match","did you mean ""XYZ""?","CLOSE_MATCH"
"ECU LINE","ECU WORLDWIDE (UK)","TBD","TBD","NO_MATCH"
"ECU WORLDWIDE","ECU WORLDWIDE (UK)","close match","did you mean ""XYZ""?","CLOSE_MATCH"
"ECU WORLDWIDE (UK)","ECU WORLDWIDE (UK)","Perfect match","match","MATCH"
"ECU WORLDWIDE UK","ECU WORLDWIDE (UK)","virtual match!","match","MATCH"
"ECU WORLDWIDE UK LTD","ECU WORLDWIDE (UK) LIMITED","virtual match!","match","MATCH"
"ECU-LINE UK LTD","ECU WORLDWIDE (UK)","TBD","TBD","NO_MATCH"
"PNP PARIBAS BANK","ECU WORLDWIDE (UK)","BNP London as beneficiary (CM client)","no match","NO_MATCH"
"PNP PARIBAS BANK","ECU WORLDWIDE (UK) LIMITED","BNP London as beneficiary (CM client)","no match","NO_MATCH"
"SHE MARITIME","ECU WORLDWIDE (UK)","no match?","no match","NO_MATCH"
"BNP PARIBAS UK","EHARMONY UK LIMITE","BNP London as beneficiary (CM client)","no match","NO_MATCH"
"EHARMONY LIMITED UK","EHARMONY UK LIMITED","close match","did you mean ""XYZ""?","CLOSE_MATCH"
"EHARMONY UK LIMI","EHARMONY UK LIMITED","virtual match!","match","MATCH"
"EHARMONY UK LIMITED","EHARMONY UK LIMITED","Perfect match","match","MATCH"
"ELI LIIY","ELI LILLY AND COMPANY LIMITED","close match","did you mean ""XYZ""?","CLOSE_MATCH"
"ELI LILLY AND COMP","ELI LILLY AND COMP","Perfect match","match","MATCH"
"ABBOTT AND BOYD","ELITIS UK LTD","no match?","no match","NO_MATCH"
"ELKEM SILICONES","ELKEM SILICONES (UK) LIMITED","close match","did you mean ""XYZ""?","CLOSE_MATCH"
"ELKEM SILICONES LTD","ELKEM SILICONES (UK) LIMITED","Business legal description not included","match","MATCH"
"EMBASSY OF BELGIUM IN LONDON","EMBASSY OF BELGIUM IN LONDON","Perfect match","match","MATCH"
"EMBASSY OF BELGIUN","EMBASSY OF BELGIUM","virtual match!","match","MATCH"
"EPTA COLD SERVICE","EPTA COLD SERVICE LTD","Business legal description not included","match","MATCH"
"ESSITY","ESSITY UK LIMITED","close match","did you mean ""XYZ""?","CLOSE_MATCH"
"ESSITY UK LIMITED","ESSITY UK LIMITED","Perfect match","match","MATCH"
"ESSITY UK LTD","ESSITY UK LIMITED","Limited vs LTD","match","MATCH"
"ESSITY UK LTD SCA","ESSITY UK LIMITED","Limited vs LTD","match","MATCH"
"EUROTEKNIKA IMPL","EUROTEKNIKA UK LIMITED","close match","did you mean ""XYZ""?","CLOSE_MATCH"
"EUROTEKNIKA UK LTD","EUROTEKNIKA UK LIMITED","Limited vs LTD","match","MATCH"
"FAAC UK LIMITED","FAAC (U.K.) LIMITED","virtual match!","match","MATCH"
"FAAC UK LTD","FAAC (U.K.) LIMITED","Limited vs LTD","match","MATCH"
"FAAC","FAAC ENTRANCE SOLUTIONS UK LIMITED","TBD","TBD","NO_MATCH"
"FACC ENTRANCE SOLU","FAAC ENTRANCE SOLUTIONS UK LIMITED","virtual match!","match","MATCH"
"RESINEX UK LTD","FACTORING SERVICE CENTER NV","Internal entities (BNPP Comm Fin, Factor..)","match (Secondary Referential Data)","NO_MATCH"
"RESINEX UK LTD","FACTORING SERVICE ","Internal entities (BNPP Comm Fin, Factor..)","match (Secondary Referential Data)","NO_MATCH"
"FAGRON UK LTD","FAGRON UK LTD","Perfect match","match","MATCH"
"FLINT GROVE 2 LTD","FLINT GROVE 2 LIMITED","Limited vs LTD","match","MATCH"
"FLINT GROVE2 LTD","FLINT GROVE 2 LIMITED","Limited vs LTD","match","MATCH"
"FRAGRANCE OILS (INTERNATIONAL)","FRAGRANCE OILS (INTERNATIONAL)","Perfect match","match","MATCH"
"FRAGRANCE OILS INTERNATIONAL","FRAGRANCE OILS (INTERNATIONAL)","virtual match!","match","MATCH"
"FULLWOOD LTD","FULLWOOD LIMITED","Limited vs LTD","match","MATCH"
"G3 WORLDWIDE MAIL","G3 WORLDWIDE MAIL (UK) LIMITED","Business legal description not included","match","MATCH"
"SPRING","G3 WORLDWIDE MAIL ","no match?","no match","NO_MATCH"
"BNP PARIBAS GARNET","GARNET UK 3 NEW LIMITED","BNP London as beneficiary (CM client)","no match","NO_MATCH"
"GARNET UK 3 NEW LI","GARNET UK 3 NEW LIMITED","Perfect match","match","MATCH"
"RED HILL BNP","GARNET UK 4 NEW LIMITED","TBD","TBD","NO_MATCH"
"GAZCHIM COMPOSITES","GAZECHIM COMPOSITES UK LIMITED","virtual match!","match","MATCH"
"GAZECHIM","GAZECHIM COMPOSITES UK LIMITED","close match","did you mean ""XYZ""?","CLOSE_MATCH"
"GIMALL PLANTS NV","GIMALL-PLANTS NV","virtual match!","match","MATCH"
"GO DADDY EUROPE LI","GO DADDY EUROPE LIMITED","Perfect match","match","MATCH"
"GREENCELL.GLOBAL LTD","GREENCELL.GLOBAL LTD","Perfect match","match","MATCH"
"GUERBET LABORATORI","GUERBET LABORATORI","Perfect match","match","MATCH"
"HA8 7UU NEW EDGWAR","HA8 7UU NEW EDGWAR","Perfect match","match","MATCH"
"HAGER LTD","HAGER LIMITED","Limited vs LTD","match","MATCH"
"HAGER UK LTD","HAGER LIMITED","Limited vs LTD","match","MATCH"
"HEINEKEN LTD","HEINEKEN UK LIMITED","Limited vs LTD","match","MATCH"
"HEINEKEN NEW","HEINEKEN UK LIMITED","close match","did you mean ""XYZ""?","CLOSE_MATCH"
"HEINEKEN UK","HEINEKEN UK LIMITED","Business legal description not included","match","MATCH"
"HEINEKEN UK LIMITED","HEINEKEN UK LIMITED","Perfect match","match","MATCH"
"HEINIKEN","HEINEKEN UK LIMITED","close match","did you mean ""XYZ""?","CLOSE_MATCH"
"HEINIKEN WOW","HEINEKEN UK LIMITED","close match","did you mean ""XYZ""?","CLOSE_MATCH"
"HENIEKEN","HEINEKEN UK LIMITED","close match","did you mean ""XYZ""?","CLOSE_MATCH"
"HIENEKEN","HEINEKEN UK LIMITED","virtual match!","match","MATCH"
"HUK","HEINEKEN UK LIMITED","no match?","no match","NO_MATCH"
"HIPRA UK AND IRELA","HIPRA UK AND IRELAND LIMITED","Perfect match","match","MATCH"
"MOXY HOTELS","HOTEL CO 51 UK LIMITED","TBD","TBD","NO_MATCH"
"ICONBLU LONDON LIM","ICONBLU LONDON LIMITED","Perfect match","match","MATCH"
"IDM HDF 2 LIMITED","IDM HDF 2 LIMITED","Perfect match","match","MATCH"
"BNP PARIBAS","IKANO BANK AB (PUBL)","BNP London as beneficiary (CM client)","no match","NO_MATCH"
"IKANO","IKANO BANK AB (PUBL)","TBD","TBD","NO_MATCH"
"IKANO BANK","IKANO BANK AB (PUBL)","Business legal description not included","match","MATCH"
"IKANO BANK AB","IKANO BANK AB (PUBL)","Business legal description not included","match","MATCH"
"IKANO BANK AB (PUBL)","IKANO BANK AB (PUBL)","Perfect match","match","MATCH"
"IKANO BANK AB PUBL","IKANO BANK AB (PUBL)","virtual match!","match","MATCH"
"IKANO BANK AB(PUBL)","IKANO BANK AB (PUBL)","Business legal description not included","match","MATCH"
"IKANO BANK IKEA","IKANO BANK AB (PUBL)","TBD","TBD","NO_MATCH"
"IKANO BANK PUBL","IKANO BANK AB (PUBL)","Business legal description not included","match","MATCH"
"IKANOBANKAB","IKANO BANK AB (PUBL)","TBD","TBD","NO_MATCH"
"IKEA","IKANO BANK AB (PUBL)","TBD","TBD","NO_MATCH"
"IKEA FINACIAL SERVICES","IKANO BANK AB (PUBL)","TBD","TBD","NO_MATCH"
"IKEA FINANCE","IKANO BANK AB (PUBL)","TBD","TBD","NO_MATCH"
"IKEA FINANCIAL SERVICES","IKANO BANK AB (PUBL)","TBD","TBD","NO_MATCH"
"IKEA FURNITURE","IKANO BANK AB (PUBL)","TBD","TBD","NO_MATCH"
"IKEA PAYMENT","IKANO BANK AB (PUBL)","TBD","TBD","NO_MATCH"
"IKO","IKO PLC","Business legal description not included","match","MATCH"
"IKO PLC","IKO PLC","Perfect match","match","MATCH"
"BNP PARIBAS ILLYCA","ILLYCAFFE UK LIMITED","TBD","TBD","NO_MATCH"
"CAD ILLY","ILLYCAFFE UK LIMITED","TBD","TBD","NO_MATCH"
"EURODOODS","ILLYCAFFE UK LIMITED","no match?","no match","NO_MATCH"
"ILLY","ILLYCAFFE UK LIMITED","close match","did you mean ""XYZ""?","CLOSE_MATCH"
"ILLY","ILLYCAFFE UK LIMITED","close match","did you mean ""XYZ""?","CLOSE_MATCH"
"ILLY","ILLYCAFFE UK LIMITED","close match","did you mean ""XYZ""?","CLOSE_MATCH"
"ILLY CAFE UK LIMIT","ILLYCAFFE UK LIMITED","virtual match!","match","MATCH"
"ILLY CAFE UK LTD","ILLYCAFFE UK LIMITED","Limited vs LTD","match","MATCH"
"ILLY CAFFE","ILLYCAFFE UK LIMITED","close match","did you mean ""XYZ""?","CLOSE_MATCH"
"ILLY CAFFE UK LIMI","ILLYCAFFE UK LIMITED","virtual match!","match","MATCH"
"ILLY CAFFE UK LTD","ILLYCAFFE UK LIMITED","Limited vs LTD","match","MATCH"
"ILLYCAFFE","ILLYCAFFE UK LIMITED","close match","did you mean ""XYZ""?","CLOSE_MATCH"
"ILLYCAFFE UK","ILLYCAFFE UK LIMITED","Business legal description not included","match","MATCH"
"ILLYCAFFE UK LTD","ILLYCAFFE UK LIMITED","Limited vs LTD","match","MATCH"
"INFORMA","INFORMA UK LIMITED","close match","did you mean ""XYZ""?","CLOSE_MATCH"
"INFORMA PLC","INFORMA UK LIMITED","close match","did you mean ""XYZ""?","CLOSE_MATCH"
"INFORMA UK LTD","INFORMA UK LIMITED","Limited vs LTD","match","MATCH"
"INTS UK LIMITED","INTS UK LIMITED","Perfect match","match","MATCH"
"INTS UK LIMITED","INTS UK LIMITED","Perfect match","match","MATCH"
"KAIMANN UK LTD","KAIMANN GMBH","close match","did you mean ""XYZ""?","CLOSE_MATCH"
"KAVIARI UK LIMITED","KAVIARI UK LIMITED","Perfect match","match","MATCH"
"KAWASAKI EUROPE","KAWASAKI MOTORS EUROPE N.V.","TBD","TBD","NO_MATCH"
"BNP PARIBAS","KELKOO.COM (UK) LIMITED","BNP London as beneficiary (CM client)","no match","NO_MATCH"
"KELKOO","KELKOO.COM (UK) LIMITED","close match","did you mean ""XYZ""?","CLOSE_MATCH"
"KEYLOOP (UK) LIMITED","KEYLOOP (UK) LIMITED","Perfect match","match","MATCH"
"KEYLOOP UK LTD","KEYLOOP (UK) LIMITED","Limited vs LTD","match","MATCH"
"LANO","LANO","Perfect match","match","MATCH"
"LANO CARPET SOLUTIONS","LANO","TBD","TBD","NO_MATCH"
"LANO CARPETS","LANO","TBD","TBD","NO_MATCH"
"LANO NV","LANO","Business legal description not included","match","MATCH"
"LC PACKAGING UK LT","LC PACKAGING UK LT","Perfect match","match","MATCH"
"LEE WRANGLER","LEEWRANGLER U.K. LIMITED","close match","did you mean ""XYZ""?","CLOSE_MATCH"
"LEEWRANGLER UK LTD","LEEWRANGLER U.K. LIMITED","Limited vs LTD","match","MATCH"
"LEICA CAMERA LIMITED","LEICA CAMERA LIMITED","Perfect match","match","MATCH"
"DCL","LESAFFRE UK AND IRELAND LIMITED","TBD","TBD","NO_MATCH"
"DCL YEAST LTD","LESAFFRE UK AND IRELAND LIMITED","Limited vs LTD","match","MATCH"
"LESAFFRE UK AND IRELAND LIMITED","LESAFFRE UK AND IRELAND LIMITED","Perfect match","match","MATCH"
"LHOIST UK LTD.","LHOIST UK LIMITED","Limited vs LTD","match","MATCH"
"LISE C NEW","LISE CHARMEL UK LIMITED","TBD","TBD","NO_MATCH"
"LKW WALTER","LKW WALTER INTERNATIONALE","close match","did you mean ""XYZ""?","CLOSE_MATCH"
"LKW WALTER INTERNATIONALE","LKW WALTER INTERNATIONALE","Perfect match","match","MATCH"
"UNICARRIERS UK","LOGISNEXT UK LIMITED","TBD","TBD","NO_MATCH"
"UNICARRIERS UK LIMITED","LOGISNEXT UK LIMITED","TBD","TBD","NO_MATCH"
"LOTUSNEW","LOTUS BAKERIES UK ","TBD","TBD","NO_MATCH"
"LPR GB LTD","LPR LA PALETTE ROU","virtual match!","match","MATCH"
"LPR LA PALETTE ROUGE (GB) LTD","LPR LA PALETTE ROUGE (GB) LTD","Perfect match","match","MATCH"
"LUCID AGENCY SERVICES LIMITED","LUCID AGENCY SERVICES LIMITED","Perfect match","match","MATCH"
"LUTOSA","LUTOSA","Perfect match","match","MATCH"
"LUTOSA SA","LUTOSA","Business legal description not included","match","MATCH"
"MAJE STORES LTD","MAJE","TBD","TBD","NO_MATCH"
"MANITOU FINANCE","MANITOU FINANCE LIMITED","Business legal description not included","match","MATCH"
"MANITOU FINANCE LTD","MANITOU FINANCE LIMITED","Limited vs LTD","match","MATCH"
"MANN & HUMMEL VOKES","MANN+HUMMEL VOKES-","virtual match!","match","MATCH"
"VOKES-AIR LTD","MANN+HUMMEL VOKES-AIR LIMITED","Limited vs LTD","match","MATCH"
"MATERIALISE UK","MATERIALISE UK LIMITED","Business legal description not included","match","MATCH"
"MAISONS DU MONDE U","MDM UK FURNITURE & DECORATION","TBD","TBD","NO_MATCH"
"MEWA","MEWA UK TEXTILE SERVICES LIMITED","close match","did you mean ""XYZ""?","CLOSE_MATCH"
"MEWA  NEW ACCOUNT","MEWA UK TEXTILE SERVICES LIMITED","close match","did you mean ""XYZ""?","CLOSE_MATCH"
"MEWA TEXTILE","MEWA UK TEXTILE SERVICES LIMITED","close match","did you mean ""XYZ""?","CLOSE_MATCH"
"MEWA UK TEXTILE LT","MEWA UK TEXTILE SERVICES LIMITED","Limited vs LTD","match","MATCH"
"MEWA UK TEXTILE SERVICES LIMITED","MEWA UK TEXTILE SERVICES LIMITED","Perfect match","match","MATCH"
"MICROPORT CRM UK L","MICROPORT CRM UK L","Perfect match","match","MATCH"
"MP PROPERTY DEVELOPMENT 2 LIMITED","MP PROPERTY DEVELOPMENT 2 LIMITED","Perfect match","match","MATCH"
"MVV ENVIRONMENTAL","MVV ENVIRONMENT RI","virtual match!","match","MATCH"
"BIODERMA NAOS","NAOS GROUP (UK) LIMITED","TBD","TBD","NO_MATCH"
"NAOS GROUP LTD","NAOS GROUP (UK) LIMITED","Limited vs LTD","match","MATCH"
"NEW COMMITTED DEVELOPMENTS","NEW PERMITTED DEVELOPMENTS","TBD","TBD","NO_MATCH"
"NH PRIVATE EQUITY","NH PRIVATE EQUITY B.V.","Business legal description not included","match","MATCH"
"NICOTRA GEBHARDT L","NICOTRA GEBHARDT L","Perfect match","match","MATCH"
"ADD ONE","OFFICE DEPOT INTERNATIONAL (UK)","TBD","TBD","NO_MATCH"
"BNP PARIBAS - VIKI","OFFICE DEPOT INTERNATIONAL (UK)","TBD","TBD","NO_MATCH"
"DUNNEWOODS6016279","OFFICE DEPOT INTERNATIONAL (UK)","TBD","TBD","NO_MATCH"
"OFFICE DEP/VIKING","OFFICE DEPOT INTERNATIONAL (UK)","Viking subsidiary of Office Depot","contact RM","NO_MATCH"
"OFFICE DEPOT","OFFICE DEPOT INTERNATIONAL (UK)","close match","did you mean ""XYZ""?","CLOSE_MATCH"
"OFFICE DEPOT","OFFICE DEPOT INTERNATIONAL","TBD","TBD","NO_MATCH"
"OFFICE DEPOT  UK","OFFICE DEPOT INTER","TBD","TBD","NO_MATCH"
"OFFICE DEPOT INT","OFFICE DEPOT INTERNATIONAL (UK)","virtual match!","match","MATCH"
"OFFICE DEPOT INT.","OFFICE DEPOT INTERNATIONAL (UK)","virtual match!","match","MATCH"
"OFFICE DEPOT INTERNATIONAL (UK)","OFFICE DEPOT INTERNATIONAL (UK)","Perfect match","match","MATCH"
"OFFICE DEPOT INTERNATIONAL","OFFICE DEPOT INTERNATIONAL","Perfect match","match","MATCH"
"OFFICE DEPOT LONDO","OFFICE DEPOT INTERNATIONAL (UK)","Viking subsidiary of Office Depot","contact RM","NO_MATCH"
"OFFICE DEPOT LTD","OFFICE DEPOT INTERNATIONAL (UK)","TBD","TBD","NO_MATCH"
"VIK01 VIKING DIRECT","OFFICE DEPOT INTERNATIONAL (UK)","Viking subsidiary of Office Depot","contact RM","NO_MATCH"
"VIKING","OFFICE DEPOT INTERNATIONAL (UK)","Viking subsidiary of Office Depot","contact RM","NO_MATCH"
"VIKING - BY OFFICE","OFFICE DEPOT INTERNATIONAL (UK)","Viking subsidiary of Office Depot","contact RM","NO_MATCH"
"VIKING 2022","OFFICE DEPOT INTERNATIONAL (UK)","Viking subsidiary of Office Depot","contact RM","NO_MATCH"
"BNP PARIBAS LONDON","OLIMP LABORATORIES","BNP London as beneficiary (CM client)","no match","NO_MATCH"
"OMYA UK LIMITED","OMYA UK LIMITED","Perfect match","match","MATCH"
"OMYA UK LTD","OMYA UK LIMITED","Limited vs LTD","match","MATCH"
"OPTIONS GREATHIRE","OPTIONS GREATHIRE ","Business legal description not included","match","MATCH"
"BRNS GROUP","OSBORN TERRACE SE3","TBD","TBD","NO_MATCH"
"PARK LANE LTD","PARK LANE LIMITED","Limited vs LTD","match","MATCH"
"PAUL UK LTD","PAUL U.K. LIMITED","Limited vs LTD","match","MATCH"
"INNOTEC","PCS INNOTEC GB LIMITED","TBD","TBD","NO_MATCH"
"PCS INNOTEC GB LTD","PCS INNOTEC GB LIMITED","Limited vs LTD","match","MATCH"
"BNP PARIBAS","PIONEER EUROPE NV","BNP London as beneficiary (CM client)","no match","NO_MATCH"
"PIONEER","PIONEER EUROPE NV","TBD","TBD","NO_MATCH"
"PIONEER EUROPE NV","PIONEER EUROPE NV","Perfect match","match","MATCH"
"PINNACLE ROPEMAKER","PREC BEAGLE COURT ","TBD","TBD","NO_MATCH"
"PREP BEAGLE COURT","PREC BEAGLE COURT PROPCO S.A R.L.","Business legal description not included","match","MATCH"
"PREC JEANNE COURT","PREC JEANNE COURT ","virtual match!","match","MATCH"
"LAMPE BERGER","PRODUITS BERGER","TBD","TBD","NO_MATCH"
"MAISON BERGER PARI","PRODUITS BERGER","TBD","TBD","NO_MATCH"
"PRONOVIAS UK","PRONOVIAS UK LIMITED","Business legal description not included","match","MATCH"
"PRONOVIAS UK LIMIT","PRONOVIAS UK LIMITED","Perfect match","match","MATCH"
"PRONOVIAS UK LTD","PRONOVIAS UK LIMITED","Limited vs LTD","match","MATCH"
"RAMIRO","RELLMAN FOODS SA","TBD","TBD","NO_MATCH"
"RENISHAW","RENISHAW UK SALES LIMITED","close match","did you mean ""XYZ""?","CLOSE_MATCH"
"RENISHAW PLC","RENISHAW UK SALES LIMITED","close match","did you mean ""XYZ""?","CLOSE_MATCH"
"RENISHAW UK SALES","RENISHAW UK SALES LIMITED","virtual match!","match","MATCH"
"RICO","RICO DESIGN GMBH & CO. KG","TBD","TBD","NO_MATCH"
"RICO DESIGN","RICO DESIGN GMBH & CO. KG","Business legal description not included","match","MATCH"
"ROLLS-ROYCE MOTOR","ROLLS-ROYCE MOTOR ","virtual match!","match","MATCH"
"ROMBOUTS","ROMBOUTS COFFEE GREAT BRITAIN","TBD","TBD","NO_MATCH"
"SAINT GOBAIN SOLAR","SAINT-GOBAIN INNOVATIVE MATERIALS","TBD","TBD","NO_MATCH"
"SGIMB SOLAR GARD Z","SAINT-GOBAIN INNOVATIVE MATERIALS","TBD","TBD","NO_MATCH"
"SMCP UK LTD","SANDRO ANDY","TBD","TBD","NO_MATCH"
"SMCP UK LTD","SANDRO ANDY","no match?","no match","NO_MATCH"
"WOTTON COURT","SANDY HILL ROAD LIMITED","TBD","TBD","NO_MATCH"
"SCIA","SCIA","Perfect match","match","MATCH"
"SCIA NV","SCIA","close match","did you mean ""XYZ""?","CLOSE_MATCH"
"SHURGARD BLOOMSBURY","SHURGARD UK LIMITED","close match","did you mean ""XYZ""?","CLOSE_MATCH"
"SHURGARD NEASDEN","SHURGARD UK LIMITED","close match","did you mean ""XYZ""?","CLOSE_MATCH"
"SHURGARD UK","SHURGARD UK LIMITE","Business legal description not included","match","MATCH"
"SHURGARD UK LTD","SHURGARD UK LIMITED","Limited vs LTD","match","MATCH"
"SHURGARD WOOLWICH","SHURGARD UK LIMITED","close match","did you mean ""XYZ""?","CLOSE_MATCH"
"SHURGUARD SELF-STORAGE","SHURGARD UK LIMITED","TBD","TBD","NO_MATCH"
"SUREGUARD STORAGE","SHURGARD UK LIMITED","close match","did you mean ""XYZ""?","CLOSE_MATCH"
"SIGNAL LIMITED","SIGNAL TOWNHOUSES ","TBD","TBD","NO_MATCH"
"DMC GROUP","SIRDAR HOLDINGS LIMITED","TBD","TBD","NO_MATCH"
"DMC HOLDINGS","SIRDAR HOLDINGS LIMITED","TBD","TBD","NO_MATCH"
"SIRDAR","SIRDAR HOLDINGS LIMITED","close match","did you mean ""XYZ""?","CLOSE_MATCH"
"SIRDAR HOLDINGS","SIRDAR HOLDINGS LIMITED","Business legal description not included","match","MATCH"
"SIRDAR HOLDINGS LIMITED","SIRDAR HOLDINGS LIMITED","Perfect match","match","MATCH"
"SIRDAR HOLDINGS LTD","SIRDAR HOLDINGS LIMITED","Limited vs LTD","match","MATCH"
"SITS","SITS SP. Z O.O.","Business legal description not included","match","MATCH"
"SITS SP. Z.O.O.","SITS SP. Z O.O.","virtual match!","match","MATCH"
"SKYJACK UK","SKYJACK UK LIMITED","Business legal description not included","match","MATCH"
"GAZECHIM PLASTICS","SNETOR UK LIMITED","TBD","TBD","NO_MATCH"
"SOCAMEL UK LTD","SOCAMEL UK LIMITED","Limited vs LTD","match","MATCH"
"SOMFY LIMITED","SOMFY LIMITED","Perfect match","match","MATCH"
"SOMFY UK","SOMFY LIMITED","Business legal description not included","match","MATCH"
"KAPPA","SPORT FASHION DISTRIBUTION U.K. LTD","TBD","TBD","NO_MATCH"
"SFD UK LTD","SPORT FASHION DIST","acronym to be accepted","match","MATCH"
"SPORT FASHION DIST","SPORT FASHION DIST","Perfect match","match","MATCH"
"SPORT FASHION DISTRIBUTION","SPORT FASHION DISTRIBUTION U.K. LTD","virtual match!","match","MATCH"
"BNP BARIBAS","SPORTSAFE UK LTD","BNP London as beneficiary (CM client)","no match","NO_MATCH"
"BNP PARIBAS LONDON","SPORTSAFE UK LTD","BNP London as beneficiary (CM client)","no match","NO_MATCH"
"SPORT SAFE UK","SPORTSAFE UK LTD","Business legal description not included","match","MATCH"
"SPORTS SAFE","SPORTSAFE UK LTD","close match","did you mean ""XYZ""?","CLOSE_MATCH"
"SPORTSAFE UK LIMIT","SPORTSAFE UK LTD","Limited vs LTD","match","MATCH"
"SPORTSAFE UK LTD","SPORTSAFE UK LTD","Perfect match","match","MATCH"
"LANGDON IND LTD","STEF LANGDONS LTD","TBD","TBD","NO_MATCH"
"LANGDON INDUSTRIES","STEF LANGDONS LTD","TBD","TBD","NO_MATCH"
"LANGDONS","STEF LANGDONS LTD","TBD","TBD","NO_MATCH"
"NAGEL LANGDONS LTD","STEF LANGDONS LTD","TBD","TBD","NO_MATCH"
"NIGEL LANGDONS LTD","STEF LANGDONS LTD","TBD","TBD","NO_MATCH"
"STEF LANGDONS LTD","STEF LANGDONS LTD","Perfect match","match","MATCH"
"BNP PARIBAS LONDON","STH WESTCO LIMITED","BNP London as beneficiary (CM client)","no match","NO_MATCH"
"STH WESTCO","STH WESTCO LIMITED","Business legal description not included","match","MATCH"
"WESTCO","STH WESTCO LIMITED","close match","did you mean ""XYZ""?","CLOSE_MATCH"
"WESTCO FLOW CONTROL","STH WESTCO LIMITED","close match","did you mean ""XYZ""?","CLOSE_MATCH"
"STIEBEL ELTRON UK","STIEBEL ELTRON UK ","virtual match!","match","MATCH"
"TERUMO UK LTD","TERUMO UK LIMITED","Limited vs LTD","match","MATCH"
"THOMAS SABO","THOMAS SABO GMBH & CO.KG","Business legal description not included","match","MATCH"
"THOMAS SABO GMBH","THOMAS SABO GMBH &","Business legal description not included","match","MATCH"
"THOMAS SABO GMBH","THOMAS SABO GMBH & CO.KG","Business legal description not included","match","MATCH"
"TOKYO CHEMICAL IND","TOKYO CHEMICAL IND","Perfect match","match","MATCH"
"TRANSOPCO UK LTD.","TRANSOPCO UK LTD","virtual match!","match","MATCH"
"TRANSOPCO UK LTD.","TRANSOPCO UK LTD","virtual match!","match","MATCH"
"TRANSOPCO UK LTD.","TRANSOPCO UK LTD","virtual match!","match","MATCH"
"T V H","TVH U.K. LIMITED","close match","did you mean ""XYZ""?","CLOSE_MATCH"
"TVH","TVH U.K. LIMITED","close match","did you mean ""XYZ""?","CLOSE_MATCH"
"TVH UK","TVH U.K. LIMITED","Business legal description not included","match","MATCH"
"TVH UK LTD","TVH U.K. LIMITED","Limited vs LTD","match","MATCH"
"UMICORE MARKETING","UMICORE MARKETING ","virtual match!","match","MATCH"
"URGO","URGO LIMITED","Business legal description not included","match","MATCH"
"URGO LIMITED","URGO LIMITED","Perfect match","match","MATCH"
"URGO LTD","URGO LIMITED","Limited vs LTD","match","MATCH"
"URGO MEDICAL","URGO LIMITED","TBD","TBD","NO_MATCH"
"CNH INDUSTRIAL CAPITAL EUROPE","CNH INDUSTRIAL CAPITAL EUROPE","Perfect match","match","MATCH"
"PIPE AND TUBE GROU","VAN LEEUWEN DISTRIBUTION LIMITED","TBD","TBD","NO_MATCH"
"VAN LEUWUN","VAN LEEUWEN DISTRIBUTION LIMITED","TBD","TBD","NO_MATCH"
"VERWEIJ","VERWEIJ FASHION B.V.","TBD","TBD","NO_MATCH"
"VERWEIJ FASHION","VERWEIJ FASHION B.V.","Business legal description not included","match","MATCH"
"VETUS","VETUS LIMITED","Business legal description not included","match","MATCH"
"DICKIES","VF NORTHERN EUROPE","TBD","TBD","NO_MATCH"
"KIPLING","VF NORTHERN EUROPE","TBD","TBD","NO_MATCH"
"NORTH FACE","VF NORTHERN EUROPE","TBD","TBD","NO_MATCH"
"V F EUROPE LTD","VF NORTHERN EUROPE LIMITED","Limited vs LTD","match","MATCH"
"VANS","VF NORTHERN EUROPE","TBD","TBD","NO_MATCH"
"VANS","VF NORTHERN EUROPE","TBD","TBD","NO_MATCH"
"VF LTD  VANS","VF NORTHERN EUROPE LIMITED","Limited vs LTD","match","MATCH"
"VF NORTHERN E LTD","VF NORTHERN EUROPE LIMITED","Limited vs LTD","match","MATCH"
"VF NORTHERN EUR","VF NORTHERN EUROPE","acronym to be accepted","match","MATCH"
"VF NORTHERN EUROPE","VF NORTHERN EUROPE","Perfect match","match","MATCH"
"VFNE LTD NAP","VF NORTHERN EUROPE LIMITED","Limited vs LTD","match","MATCH"
"MYLAN UK","VIATRIS UK HEALTHC","no match?","no match","NO_MATCH"
"VIATRIS","VIATRIS UK HEALTHCARE LIMITED","close match","did you mean ""XYZ""?","CLOSE_MATCH"
"VIATRIS UK","VIATRIS UK HEALTHCARE LIMITED","close match","did you mean ""XYZ""?","CLOSE_MATCH"
"BOHLER AEROSPACE","VOESTALPINE HIGH PERFORMANCE METALS","TBD","TBD","NO_MATCH"
"VOESTALPINE","VOESTALPINE HIGH PERFORMANCE METALS","TBD","TBD","NO_MATCH"
"VOLCOM SAS UK","VOLCOM SAS","TBD","TBD","NO_MATCH"
"VOLCOM1","VOLCOM SAS","close match","did you mean ""XYZ""?","CLOSE_MATCH"
"BNP PARIBAS","XYLEM WATER SERVICES LIMITED RE","BNP London as beneficiary (CM client)","no match","NO_MATCH"
"XYLEM","XYLEM WATER SERVICES LIMITED RE","close match","did you mean ""XYZ""?","CLOSE_MATCH"
"XYLEM WATER","XYLEM WATER SERVICES LIMITED RE","close match","did you mean ""XYZ""?","CLOSE_MATCH"
"XYLEM WATER SOLUTIONS UK LTD","XYLEM WATER SERVICES LIMITED RE","close match","did you mean ""XYZ""?","CLOSE_MATCH"
"XYLEW WATER AXMIN","XYLEM WATER SERVICES LIMITED RE","close match","did you mean ""XYZ""?","CLOSE_MATCH"
"XYLEM","XYLEM WATER SOLUTIONS UK LTD","TBD","TBD","NO_MATCH"
"XYLEM WATER SOLUTIONS UK LTD","XYLEM WATER SOLUTIONS UK LTD","Perfect match","match","MATCH"
"ZOETIS","ZOETIS UK LIMITED","close match","did you mean ""XYZ""?","CLOSE_MATCH"
"ZOETIS UK","ZOETIS UK LIMITED","Business legal description not included","match","MATCH"
"ZOETIS UK LTD","ZOETIS UK LIMITED","Limited vs LTD","match","MATCH"
