"name_received","ref_name","category","expected_notes","expected_response"
"17 HIGHGATE HILL LIMITED","17 HIGHGATE HILL LIMITED","Perfect match","match","MATCH"
"251 SOUTHWARK LIMITED","251 SOUTHWARK LIMITED","Perfect match","match","MATCH"
"4 HEALTHY PETS NV","4 HEALTHY PETS","Business legal description not included","match","MATCH"
"PEGLER YORKSHIRE G","AALBERTS INTEGRATE","no match?","no match","NO_MATCH"
"AALBERTS SURFACE TECH","AALBERTS SURFACE TECHNOLOGIES","Perfect match","match","MATCH"
"AALBERTS SURFACE TECHNOLOGIES","AALBERTS SURFACE TECHNOLOGIES","Perfect match","match","MATCH"
"HAUCK HEAT TREATME","AALBERTS SURFACE TECHNOLOGIES","no match?","no match","NO_MATCH"
"AGS 360 SOLUTIONS","AGS LIMITED","close match","did you mean ""XYZ""?","CLOSE_MATCH"
"ALCON","ALCON EYE CARE UK LIMITED","close match","did you mean ""XYZ""?","CLOSE_MATCH"
"ALCON","ALCON EYE CARE UK ","close match","did you mean ""XYZ""?","CLOSE_MATCH"
"ALCON EYE CARE","ALCON EYE CARE UK LIMITED","close match","did you mean ""XYZ""?","CLOSE_MATCH"
"ALCON EYE CARE LTD","ALCON EYE CARE UK ","Limited vs LTD","match","MATCH"
"ALCON EYE CARE UK","ALCON EYE CARE UK ","virtual match!","match","MATCH"
"ALCON EYE CARE UK","ALCON EYE CARE UK LIMITED","virtual match!","match","MATCH"
"ALCON EYECARE","ALCON EYE CARE UK ","close match","did you mean ""XYZ""?","CLOSE_MATCH"
"ALESSI UK LTD","ALESSI (UK) LIMITED","Limited vs LTD","match","MATCH"
"ALL MARKET EUROPE","ALL MARKET EUROPE ","virtual match!","match","MATCH"
"ALL MARKET EUROPE","ALL MARKET EUROPE LIMITED","Business legal description not included","match","MATCH"
"ALOIS POTTINGER UK","ALOIS POTTINGER UK","Perfect match","match","MATCH"
"ALPHABET","ALPHABET (GB) LIMITED","close match","did you mean ""XYZ""?","CLOSE_MATCH"
"ALPHABET GB LIMITED","ALPHABET (GB) LIMITED","virtual match!","match","MATCH"
"BMW","ALPHABET (GB) LIMITED","TBD","TBD","NO_MATCH"
"BNP PARIBAS","ALPHABET (GB) LIMITED","BNP London as beneficiary (CM client)","no match","NO_MATCH"
"BNP PARIBAS","ARGON MEDICAL DEVICES UK LTD","BNP London as beneficiary (CM client)","no match","NO_MATCH"
"LANDLORD 113MERC","ARMSTRONG HOUSE UX","TBD","TBD","NO_MATCH"
"AB3105 KS69YCC","ARVAL UK LIMITED","no match?","no match","NO_MATCH"
"ARVAL BNP","ARVAL UK LIMITED","close match","did you mean ""XYZ""?","CLOSE_MATCH"
"ARVAL BNP PARIBAS","ARVAL UK LIMITED","close match","did you mean ""XYZ""?","CLOSE_MATCH"
"ARVAL GROUP","ARVAL UK LIMITED","close match","did you mean ""XYZ""?","CLOSE_MATCH"
"ARVAL LTD UK","ARVAL UK LIMITED","Limited vs LTD","match","MATCH"
"ARVAL UK","ARVAL UK LIMITED","Business legal description not included","match","MATCH"
"ARVAL UK LIMITED","ARVAL UK LIMITED","Perfect match","match","MATCH"
"ARVAL UK LTD","ARVAL UK LIMITED","Limited vs LTD","match","MATCH"
"ARVAL UK RECEIPT","ARVAL UK LIMITED","close match","did you mean ""XYZ""?","CLOSE_MATCH"
"ARVAL UK RECIEPTS","ARVAL UK LIMITED","close match","did you mean ""XYZ""?","CLOSE_MATCH"
"ARVAL-U.K.-LIMITED","ARVAL UK LIMITED","virtual match!","match","MATCH"
"AVAL UK LTD","ARVAL UK LIMITED","Limited vs LTD","match","MATCH"
"BNP LONDON BRANCH","ARVAL UK LIMITED","BNP London as beneficiary (BNPP Internal entities)","match","MATCH"
"BNP PARIBAS","ARVAL UK LIMITED","BNP London as beneficiary (BNPP Internal entities)","match","MATCH"
"BNP PARIBAS LONDON","ARVAL UK LIMITED","BNP London as beneficiary (BNPP Internal entities)","match","MATCH"
"C07520","ARVAL UK LIMITED","no match?","no match","NO_MATCH"
"HONDA CONTRACT HIR","ARVAL UK LIMITED","TBD","TBD","NO_MATCH"
"SM68VWV","ARVAL UK LIMITED","no match?","no match","NO_MATCH"
"ATRADIUS","ATRADIUS COLLECTIONS LIMITED","close match","did you mean ""XYZ""?","CLOSE_MATCH"
"ATRADIUS COLLECTIONS LIMITED","ATRADIUS COLLECTIONS LIMITED","Perfect match","match","MATCH"
"AUDLEY PROPERTY","AUDLEY PROPERTY MANAGEMENT COMPANY","virtual match!","match","MATCH"
"AUTOMAC","AUTOMAC (UK) LIMITED","close match","did you mean ""XYZ""?","CLOSE_MATCH"
"AVIKO","AVIKO B.V.","Business legal description not included","match","MATCH"
"AVIKO B.V","AVIKO B.V.","virtual match!","match","MATCH"
"AVIKO BV","AVIKO B.V.","virtual match!","match","MATCH"
"AVIKO UK","AVIKO B.V.","Business legal description not included","match","MATCH"
"AVIKOBV","AVIKO B.V.","virtual match!","match","MATCH"
"AVNET EMG LTD","AVNET EMG LTD.","virtual match!","match","MATCH"
"AXA REAL ESTATE INVESTMENT MANAGERS","AXA REAL ESTATE INVESTMENT MANAGERS","Perfect match","match","MATCH"
"AXA","AXA TRAVEL INSURANCE LIMITED","TBD","TBD","NO_MATCH"
"AXIA PLASTICS UK LIMITED","AXIA PLASTICS (UK) LIMITED","virtual match!","match","MATCH"
