{
  "country": "",
  "forms": 
  [
  {
    "name": "Australia",
    "spellings": [
      "AU",
      "AUS"
    ]
  },
  {
    "name": "Austria",
    "spellings": [
      "AT",
      "AUT"
    ]
  },
  {
    "name": "Belgium",
    "spellings": [
      "BE",
      "BEL"
    ]
  },
  {
    "name": "Brazil",
    "spellings": [
      "BR",
      "BRA"
    ]
  },
  {
    "name": "Canada",
    "spellings": [
      "CA",
      "CAN"
    ]
  },
  {
    "name": "China",
    "spellings": [
      "CN",
      "CHN"
    ]
  },
  {
    "name": "Czechia",
    "spellings": [
      "CZ",
      "CZE"
    ]
  },
  {
    "name": "Denmark",
    "spellings": [
      "DK",
      "DNK"
    ]
  },
  {
    "name": "Finland",
    "spellings": [
      "FI",
      "FIN"
    ]
  },
  {
    "name": "France",
    "spellings": [
      "FR",
      "FRA"
    ]
  },
  {
    "name": "Germany",
    "spellings": [
      "DE",
      "DEU"
    ]
  },
  {
    "name": "Hong Kong",
    "spellings": [
      "HK",
      "HKG"
    ]
  },
  {
    "name": "Ireland",
    "spellings": [
      "IE",
      "IRL"
    ]
  },
  {
    "name": "Israel",
    "spellings": [
      "IL",
      "ISR"
    ]
  },
  {
    "name": "Italy",
    "spellings": [
      "IT",
      "ITA"
    ]
  },
  {
    "name": "Japan",
    "spellings": [
      "JP",
      "JPN"
    ]
  },
  {
    "name": "Korea (the Republic of)",
    "spellings": [
      "KR",
      "KOR"
    ]
  },
  {
    "name": "Luxembourg",
    "spellings": [
      "LU",
      "LUX"
    ]
  },
  {
    "name": "Malta",
    "spellings": [
      "MT",
      "MLT"
    ]
  },
  {
    "name": "Mexico",
    "spellings": [
      "MX",
      "MEX"
    ]
  },
  {
    "name": "Netherlands (the)",
    "spellings": [
      "NL",
      "NLD"
    ]
  },
  {
    "name": "New Zealand",
    "spellings": [
      "NZ",
      "NZL"
    ]
  },
  {
    "name": "Norway",
    "spellings": [
      "NO",
      "NOR"
    ]
  },
  {
    "name": "Poland",
    "spellings": [
      "PL",
      "POL"
    ]
  },
  {
    "name": "Portugal",
    "spellings": [
      "PT",
      "PRT"
    ]
  },
  {
    "name": "Romania",
    "spellings": [
      "RO",
      "ROU"
    ]
  },
  {
    "name": "Russian Federation (the)",
    "spellings": [
      "RU",
      "RUS"
    ]
  },
  {
    "name": "Spain",
    "spellings": [
      "ES",
      "ESP"
    ]
  },
  {
    "name": "Sweden",
    "spellings": [
      "SE",
      "SWE"
    ]
  },
  {
    "name": "Switzerland",
    "spellings": [
      "CH",
      "CHE"
    ]
  },
  {
    "name": "Taiwan (Province of China)",
    "spellings": [
      "TW",
      "TWN"
    ]
  },
  {
    "name": "United Kingdom of Great Britain and Northern Ireland (the)",
    "spellings": [
      "GB",
      "GBR",
      "UK",
      "G.B.",
      "G.B",
      "U.K.",
      "U.K"
    ]
  },
  {
    "name": "United States of America (the)",
    "spellings": [
      "US",
      "U.S",
      "U.S.",
      "USA",
      "U.S.A",
      "U.S.A."
    ]
  },
  {
    "name": "international",
    "spellings": [
      "international",
      "int"
    ]
  }
]
}