{
  "forms": 
  [
  {
    "name": "Technology",
    "spellings": [
      "Tech",
      "Technologies"
    ]
  },
  {
    "name": "Financial",
    "spellings": [
      "Fin",
      "Financials"
    ]
  },
  {
    "name": "Industry",
    "spellings": [
      "Ind",
      "Industries"
    ]
  },
  {
    "name": "Service",
    "spellings": [
      "Serv",
      "Services"
    ]
  },
    {
      "name": "Solution",
      "spellings": [
        "Solutions",
        "Sol"
      ]
    },
    {
      "name": "Solicitor",
      "spellings": [
        "Solicitors"
      ]
    }
  ,
    {
      "name": "Company",
      "spellings": [
        "Companies",
        "Co"
      ]
    }  ,
    {
      "name": "Design",
      "spellings": [
        "Designs"
      ]
    },
    {
      "name": "Construction",
      "spellings": [
        "Constructions"
      ]
    },
    {
      "name": "Security",
      "spellings": [
        "Securities"
      ]
    },
    {
      "name": "Sale",
      "spellings": [
        "Sales"
      ]
    }
]
}